Rank,Name,Symbol,Market_Cap,Price,volume24h,MainLink,HistoricalLink
1,Bitcoin,BTC,"$507,090,156,466.71","$26,047.67","$12,406,045,117.51",https://coinmarketcap.com/currencies/bitcoin/,https://coinmarketcap.com/currencies/bitcoin/historical-data
2,Ethereum,ETH,"$198,709,982,386.16","$1,652.94","$5,396,997,822.81",https://coinmarketcap.com/currencies/ethereum/,https://coinmarketcap.com/currencies/ethereum/historical-data
3,Tether USDt,USDT,"$82,807,252,662.66",$0.9995,"$19,999,153,581.65",https://coinmarketcap.com/currencies/tether/,https://coinmarketcap.com/currencies/tether/historical-data
4,BNB,BNB,"$33,590,478,887.30",$218.33,"$423,891,091.63",https://coinmarketcap.com/currencies/bnb/,https://coinmarketcap.com/currencies/bnb/historical-data
5,XRP,XRP,"$27,845,876,512.16",$0.5262,"$1,067,427,241.27",https://coinmarketcap.com/currencies/xrp/,https://coinmarketcap.com/currencies/xrp/historical-data
6,USD Coin,USDC,"$25,919,090,832.39",$1.0001,"$2,870,155,394.25",https://coinmarketcap.com/currencies/usd-coin/,https://coinmarketcap.com/currencies/usd-coin/historical-data
7,Cardano,ADA,"$9,152,956,074.04",$0.2611,"$226,745,371.90",https://coinmarketcap.com/currencies/cardano/,https://coinmarketcap.com/currencies/cardano/historical-data
8,Dogecoin,DOGE,"$8,878,470,592.73",$0.06308,"$202,977,283.44",https://coinmarketcap.com/currencies/dogecoin/,https://coinmarketcap.com/currencies/dogecoin/historical-data
9,Solana,SOL,"$8,318,053,764.65",$20.39,"$278,312,420.21",https://coinmarketcap.com/currencies/solana/,https://coinmarketcap.com/currencies/solana/historical-data
10,TRON,TRX,"$6,900,049,920.05",$0.0772,"$174,447,305.16",https://coinmarketcap.com/currencies/tron/,https://coinmarketcap.com/currencies/tron/historical-data
11,Polkadot,DOT,"$5,458,384,818.16",$4.4865,"$94,505,373.46",https://coinmarketcap.com/currencies/polkadot-new/,https://coinmarketcap.com/currencies/polkadot-new/historical-data
12,Dai,DAI,"$5,347,822,079.04",$0.9999,"$75,095,538.95",https://coinmarketcap.com/currencies/multi-collateral-dai/,https://coinmarketcap.com/currencies/multi-collateral-dai/historical-data
13,Polygon,MATIC,"$5,090,241,628.57",$0.5462,"$274,560,763.21",https://coinmarketcap.com/currencies/polygon/,https://coinmarketcap.com/currencies/polygon/historical-data
14,Toncoin,TON,"$4,897,461,704.62",$1.4270,"$29,643,403.69",https://coinmarketcap.com/currencies/toncoin/,https://coinmarketcap.com/currencies/toncoin/historical-data
15,Litecoin,LTC,"$4,790,996,215.75",$65.11,"$268,487,447.25",https://coinmarketcap.com/currencies/litecoin/,https://coinmarketcap.com/currencies/litecoin/historical-data
16,Shiba Inu,SHIB,"$4,796,905,977.53",$0.00000814,"$139,371,203.42",https://coinmarketcap.com/currencies/shiba-inu/,https://coinmarketcap.com/currencies/shiba-inu/historical-data
17,Wrapped Bitcoin,WBTC,"$4,243,855,522.84","$26,053.60","$76,364,182.11",https://coinmarketcap.com/currencies/wrapped-bitcoin/,https://coinmarketcap.com/currencies/wrapped-bitcoin/historical-data
18,Bitcoin Cash,BCH,"$3,742,379,987.32",$192.05,"$139,896,933.21",https://coinmarketcap.com/currencies/bitcoin-cash/,https://coinmarketcap.com/currencies/bitcoin-cash/historical-data
19,UNUS SED LEO,LEO,"$3,565,997,081.68",$3.8364,"$537,932.26",https://coinmarketcap.com/currencies/unus-sed-leo/,https://coinmarketcap.com/currencies/unus-sed-leo/historical-data
20,Avalanche,AVAX,"$3,459,082,269.77",$10.05,"$120,285,068.43",https://coinmarketcap.com/currencies/avalanche/,https://coinmarketcap.com/currencies/avalanche/historical-data
21,Stellar,XLM,"$3,395,969,321.15",$0.1239,"$89,277,309.03",https://coinmarketcap.com/currencies/stellar/,https://coinmarketcap.com/currencies/stellar/historical-data
22,Chainlink,LINK,"$3,232,593,123.90",$6.0074,"$161,052,214.60",https://coinmarketcap.com/currencies/chainlink/,https://coinmarketcap.com/currencies/chainlink/historical-data
23,Binance USD,BUSD,"$3,153,614,715.61",$1.0003,"$1,079,878,217.44",https://coinmarketcap.com/currencies/binance-usd/,https://coinmarketcap.com/currencies/binance-usd/historical-data
24,TrueUSD,TUSD,"$2,906,332,785.19",$0.9996,"$1,733,339,380.82",https://coinmarketcap.com/currencies/trueusd/,https://coinmarketcap.com/currencies/trueusd/historical-data
25,Uniswap,UNI,"$2,627,527,906.85",$4.5498,"$87,112,537.96",https://coinmarketcap.com/currencies/uniswap/,https://coinmarketcap.com/currencies/uniswap/historical-data
26,Monero,XMR,"$2,563,461,708.97",$139.90,"$62,511,771.52",https://coinmarketcap.com/currencies/monero/,https://coinmarketcap.com/currencies/monero/historical-data
27,OKB,OKB,"$2,560,000,113.73",$42.67,"$1,728,990.68",https://coinmarketcap.com/currencies/okb/,https://coinmarketcap.com/currencies/okb/historical-data
28,Cosmos,ATOM,"$2,510,937,180.90",$7.2443,"$87,429,486.09",https://coinmarketcap.com/currencies/cosmos/,https://coinmarketcap.com/currencies/cosmos/historical-data
29,Ethereum Classic,ETC,"$2,282,733,161.55",$16.00,"$75,525,218.61",https://coinmarketcap.com/currencies/ethereum-classic/,https://coinmarketcap.com/currencies/ethereum-classic/historical-data
30,Hedera,HBAR,"$1,947,264,958.07",$0.05886,"$82,946,495.90",https://coinmarketcap.com/currencies/hedera/,https://coinmarketcap.com/currencies/hedera/historical-data
31,Internet Computer,ICP,"$1,551,766,082.28",$3.5101,"$16,614,482.50",https://coinmarketcap.com/currencies/internet-computer/,https://coinmarketcap.com/currencies/internet-computer/historical-data
32,Filecoin,FIL,"$1,434,049,850.09",$3.2352,"$96,585,090.02",https://coinmarketcap.com/currencies/filecoin/,https://coinmarketcap.com/currencies/filecoin/historical-data
33,Mantle,MNT,"$1,389,503,504.21",$0.4296,"$12,277,953.46",https://coinmarketcap.com/currencies/mantle/,https://coinmarketcap.com/currencies/mantle/historical-data
34,Lido DAO,LDO,"$1,383,021,589.59",$1.5580,"$67,800,848.27",https://coinmarketcap.com/currencies/lido-dao/,https://coinmarketcap.com/currencies/lido-dao/historical-data
35,Cronos,CRO,"$1,294,165,405.57",$0.05123,"$6,005,789.23",https://coinmarketcap.com/currencies/cronos/,https://coinmarketcap.com/currencies/cronos/historical-data
36,Aptos,APT,"$1,293,223,853.59",$5.6911,"$88,396,875.79",https://coinmarketcap.com/currencies/aptos/,https://coinmarketcap.com/currencies/aptos/historical-data
37,Quant,QNT,"$1,224,514,289.72",$101.43,"$12,974,257.69",https://coinmarketcap.com/currencies/quant/,https://coinmarketcap.com/currencies/quant/historical-data
38,Arbitrum,ARB,"$1,208,723,808.64",$0.948,"$152,807,293.97",https://coinmarketcap.com/currencies/arbitrum/,https://coinmarketcap.com/currencies/arbitrum/historical-data
39,VeChain,VET,"$1,167,316,310.31",$0.01605,"$23,309,138.00",https://coinmarketcap.com/currencies/vechain/,https://coinmarketcap.com/currencies/vechain/historical-data
40,NEAR Protocol,NEAR,"$1,120,314,403.12",$1.1897,"$47,022,915.54",https://coinmarketcap.com/currencies/near-protocol/,https://coinmarketcap.com/currencies/near-protocol/historical-data
41,Optimism,OP,"$1,052,692,332.09",$1.4688,"$152,907,326.63",https://coinmarketcap.com/currencies/optimism-ethereum/,https://coinmarketcap.com/currencies/optimism-ethereum/historical-data
42,Maker,MKR,"$990,504,480.61","$1,013.17","$64,448,513.14",https://coinmarketcap.com/currencies/maker/,https://coinmarketcap.com/currencies/maker/historical-data
43,Aave,AAVE,"$826,232,881.80",$56.89,"$68,297,790.82",https://coinmarketcap.com/currencies/aave/,https://coinmarketcap.com/currencies/aave/historical-data
44,The Graph,GRT,"$816,867,738.33",$0.08914,"$36,019,315.03",https://coinmarketcap.com/currencies/the-graph/,https://coinmarketcap.com/currencies/the-graph/historical-data
45,Algorand,ALGO,"$758,703,967.47",$0.09693,"$22,762,098.11",https://coinmarketcap.com/currencies/algorand/,https://coinmarketcap.com/currencies/algorand/historical-data
46,XDC Network,XDC,"$733,226,989.17",$0.05291,"$10,528,676.98",https://coinmarketcap.com/currencies/xdc-network/,https://coinmarketcap.com/currencies/xdc-network/historical-data
47,USDD,USDD,"$723,638,753.88",$0.9977,"$24,074,045.57",https://coinmarketcap.com/currencies/usdd/,https://coinmarketcap.com/currencies/usdd/historical-data
48,Axie Infinity,AXS,"$683,752,252.20",$4.8546,"$16,559,944.78",https://coinmarketcap.com/currencies/axie-infinity/,https://coinmarketcap.com/currencies/axie-infinity/historical-data
49,The Sandbox,SAND,"$666,749,800.85",$0.3229,"$49,328,785.00",https://coinmarketcap.com/currencies/the-sandbox/,https://coinmarketcap.com/currencies/the-sandbox/historical-data
50,Tezos,XTZ,"$661,943,435.76",$0.6967,"$13,871,033.93",https://coinmarketcap.com/currencies/tezos/,https://coinmarketcap.com/currencies/tezos/historical-data
51,Stacks,STX,"$660,397,460.79",$0.4706,"$13,463,491.10",https://coinmarketcap.com/currencies/stacks/,https://coinmarketcap.com/currencies/stacks/historical-data
52,MultiversX,EGLD,"$655,307,121.86",$25.32,"$15,831,684.24",https://coinmarketcap.com/currencies/multiversx-egld/,https://coinmarketcap.com/currencies/multiversx-egld/historical-data
53,EOS,EOS,"$645,857,673.66",$0.5867,"$87,931,284.06",https://coinmarketcap.com/currencies/eos/,https://coinmarketcap.com/currencies/eos/historical-data
54,Theta Network,THETA,"$635,749,025.28",$0.6357,"$9,643,726.70",https://coinmarketcap.com/currencies/theta-network/,https://coinmarketcap.com/currencies/theta-network/historical-data
55,Immutable,IMX,"$632,186,784.21",$0.5627,"$35,319,141.27",https://coinmarketcap.com/currencies/immutable-x/,https://coinmarketcap.com/currencies/immutable-x/historical-data
56,Injective,INJ,"$608,735,271.00",$7.2680,"$29,903,353.75",https://coinmarketcap.com/currencies/injective/,https://coinmarketcap.com/currencies/injective/historical-data
57,Fantom,FTM,"$582,258,459.46",$0.2077,"$29,980,644.43",https://coinmarketcap.com/currencies/fantom/,https://coinmarketcap.com/currencies/fantom/historical-data
58,Bitcoin SV,BSV,"$579,354,449.45",$30.07,"$16,935,868.42",https://coinmarketcap.com/currencies/bitcoin-sv/,https://coinmarketcap.com/currencies/bitcoin-sv/historical-data
59,Decentraland,MANA,"$578,069,048.78",$0.3054,"$44,607,866.97",https://coinmarketcap.com/currencies/decentraland/,https://coinmarketcap.com/currencies/decentraland/historical-data
60,Synthetix,SNX,"$555,024,528.45",$2.0624,"$32,694,877.37",https://coinmarketcap.com/currencies/synthetix/,https://coinmarketcap.com/currencies/synthetix/historical-data
61,Render,RNDR,"$548,179,027.60",$1.4740,"$25,652,189.20",https://coinmarketcap.com/currencies/render/,https://coinmarketcap.com/currencies/render/historical-data
62,ApeCoin,APE,"$533,029,166.23",$1.4461,"$48,122,107.87",https://coinmarketcap.com/currencies/apecoin-ape/,https://coinmarketcap.com/currencies/apecoin-ape/historical-data
63,Pax Dollar,USDP,"$509,987,125.72",$0.9996,"$15,049,818.82",https://coinmarketcap.com/currencies/paxos-standard/,https://coinmarketcap.com/currencies/paxos-standard/historical-data
64,Neo,NEO,"$506,141,678.92",$7.1754,"$21,426,170.45",https://coinmarketcap.com/currencies/neo/,https://coinmarketcap.com/currencies/neo/historical-data
65,THORChain,RUNE,"$504,043,588.86",$1.4807,"$78,363,548.78",https://coinmarketcap.com/currencies/thorchain/,https://coinmarketcap.com/currencies/thorchain/historical-data
66,Kava,KAVA,"$491,529,841.24",$0.6834,"$10,826,058.77",https://coinmarketcap.com/currencies/kava/,https://coinmarketcap.com/currencies/kava/historical-data
67,PAX Gold,PAXG,"$474,111,896.22","$1,902.92","$4,164,837.42",https://coinmarketcap.com/currencies/pax-gold/,https://coinmarketcap.com/currencies/pax-gold/historical-data
68,Tether Gold,XAUt,"$472,618,561.86","$1,917.13","$1,043,454.41",https://coinmarketcap.com/currencies/tether-gold/,https://coinmarketcap.com/currencies/tether-gold/historical-data
69,eCash,XEC,"$468,092,957.09",$0.00002403,"$5,883,170.07",https://coinmarketcap.com/currencies/ecash/,https://coinmarketcap.com/currencies/ecash/historical-data
70,Flow,FLOW,"$466,662,055.23",$0.4504,"$24,023,463.65",https://coinmarketcap.com/currencies/flow/,https://coinmarketcap.com/currencies/flow/historical-data
71,Rocket Pool,RPL,"$461,816,944.96",$23.54,"$3,631,508.28",https://coinmarketcap.com/currencies/rocket-pool/,https://coinmarketcap.com/currencies/rocket-pool/historical-data
72,Chiliz,CHZ,"$449,072,864.89",$0.06301,"$21,821,080.48",https://coinmarketcap.com/currencies/chiliz/,https://coinmarketcap.com/currencies/chiliz/historical-data
73,Gala,GALA,"$447,781,599.08",$0.01931,"$39,620,171.17",https://coinmarketcap.com/currencies/gala/,https://coinmarketcap.com/currencies/gala/historical-data
74,Klaytn,KLAY,"$442,419,658.82",$0.1386,"$5,989,536.21",https://coinmarketcap.com/currencies/klaytn/,https://coinmarketcap.com/currencies/klaytn/historical-data
75,KuCoin Token,KCS,"$440,503,374.19",$4.5538,"$1,545,478.38",https://coinmarketcap.com/currencies/kucoin-token/,https://coinmarketcap.com/currencies/kucoin-token/historical-data
76,Frax Share,FXS,"$426,293,235.96",$5.8141,"$17,490,089.18",https://coinmarketcap.com/currencies/frax-share/,https://coinmarketcap.com/currencies/frax-share/historical-data
77,IOTA,MIOTA,"$407,906,646.18",$0.1468,"$3,669,231.04",https://coinmarketcap.com/currencies/iota/,https://coinmarketcap.com/currencies/iota/historical-data
78,Zcash,ZEC,"$408,533,685.87",$25.02,"$43,281,382.96",https://coinmarketcap.com/currencies/zcash/,https://coinmarketcap.com/currencies/zcash/historical-data
79,Casper,CSPR,"$403,210,792.05",$0.03577,"$3,053,239.75",https://coinmarketcap.com/currencies/casper/,https://coinmarketcap.com/currencies/casper/historical-data
80,Sui,SUI,"$402,224,441.84",$0.5562,"$162,888,635.99",https://coinmarketcap.com/currencies/sui/,https://coinmarketcap.com/currencies/sui/historical-data
81,Huobi Token,HT,"$390,067,399.09",$2.4044,"$12,908,659.91",https://coinmarketcap.com/currencies/huobi-token/,https://coinmarketcap.com/currencies/huobi-token/historical-data
82,BitTorrent(New),BTT,"$388,737,453.15",$0.00000041,"$16,409,952.52",https://coinmarketcap.com/currencies/bittorrent-new/,https://coinmarketcap.com/currencies/bittorrent-new/historical-data
83,Curve DAO Token,CRV,"$388,563,836.48",$0.4545,"$40,486,695.49",https://coinmarketcap.com/currencies/curve-dao-token/,https://coinmarketcap.com/currencies/curve-dao-token/historical-data
84,Conflux,CFX,"$380,666,189.73",$0.1201,"$21,749,460.65",https://coinmarketcap.com/currencies/conflux-network/,https://coinmarketcap.com/currencies/conflux-network/historical-data
85,Mina,MINA,"$377,292,111.77",$0.3943,"$5,883,656.38",https://coinmarketcap.com/currencies/mina/,https://coinmarketcap.com/currencies/mina/historical-data
86,GateToken,GT,"$373,051,493.71",$3.8843,"$709,656.50",https://coinmarketcap.com/currencies/gatetoken/,https://coinmarketcap.com/currencies/gatetoken/historical-data
87,Terra Classic,LUNC,"$367,008,700.46",$0.00006311,"$13,407,651.68",https://coinmarketcap.com/currencies/terra-luna/,https://coinmarketcap.com/currencies/terra-luna/historical-data
88,Trust Wallet Token,TWT,"$352,099,983.62",$0.8451,"$6,300,668.69",https://coinmarketcap.com/currencies/trust-wallet-token/,https://coinmarketcap.com/currencies/trust-wallet-token/historical-data
89,Pepe,PEPE,"$345,799,872.92",$0.00000088,"$275,837,423.37",https://coinmarketcap.com/currencies/pepe/,https://coinmarketcap.com/currencies/pepe/historical-data
90,dYdX,DYDX,"$338,669,192.01",$2.1674,"$55,680,344.64",https://coinmarketcap.com/currencies/dydx/,https://coinmarketcap.com/currencies/dydx/historical-data
91,Compound,COMP,"$333,203,473.32",$42.66,"$27,745,870.48",https://coinmarketcap.com/currencies/compound/,https://coinmarketcap.com/currencies/compound/historical-data
92,Nexo,NEXO,"$331,597,132.01",$0.5921,"$2,646,081.13",https://coinmarketcap.com/currencies/nexo/,https://coinmarketcap.com/currencies/nexo/historical-data
93,GMX,GMX,"$329,307,564.16",$36.72,"$10,808,744.78",https://coinmarketcap.com/currencies/gmx/,https://coinmarketcap.com/currencies/gmx/historical-data
94,Bone ShibaSwap,BONE,"$324,120,084.27",$1.4097,"$12,467,088.15",https://coinmarketcap.com/currencies/bone-shibaswap/,https://coinmarketcap.com/currencies/bone-shibaswap/historical-data
95,APENFT,NFT,"$319,183,570.45",$0.00000032,"$20,801,039.33",https://coinmarketcap.com/currencies/apenft/,https://coinmarketcap.com/currencies/apenft/historical-data
96,WOO Network,WOO,"$317,281,942.53",$0.1828,"$8,364,316.00",https://coinmarketcap.com/currencies/wootrade/,https://coinmarketcap.com/currencies/wootrade/historical-data
97,Gemini Dollar,GUSD,"$310,553,103.67",$0.9977,"$665,745.36",https://coinmarketcap.com/currencies/gemini-dollar/,https://coinmarketcap.com/currencies/gemini-dollar/historical-data
98,Flare,FLR,"$310,309,647.18",$0.0136,"$4,926,724.29",https://coinmarketcap.com/currencies/flare/,https://coinmarketcap.com/currencies/flare/historical-data
99,Astar,ASTR,"$304,464,153.09",$0.06444,"$16,871,189.08",https://coinmarketcap.com/currencies/astar/,https://coinmarketcap.com/currencies/astar/historical-data
100,Dash,DASH,"$292,018,552.81",$25.56,"$42,382,421.01",https://coinmarketcap.com/currencies/dash/,https://coinmarketcap.com/currencies/dash/historical-data
101,Akash Network,AKT,"$285,205,564.35",$1.3118,"$3,635,942.35",https://coinmarketcap.com/currencies/akash-network/,https://coinmarketcap.com/currencies/akash-network/historical-data
102,PancakeSwap,CAKE,"$283,057,029.83",$1.2778,"$13,555,466.11",https://coinmarketcap.com/currencies/pancakeswap/,https://coinmarketcap.com/currencies/pancakeswap/historical-data
103,MX TOKEN,MX,"$278,385,921.23",$2.7642,"$2,773,749.15",https://coinmarketcap.com/currencies/mx-token/,https://coinmarketcap.com/currencies/mx-token/historical-data
104,Arweave,AR,"$273,215,225.34",$4.1741,"$22,890,703.54",https://coinmarketcap.com/currencies/arweave/,https://coinmarketcap.com/currencies/arweave/historical-data
105,Zilliqa,ZIL,"$266,192,636.38",$0.01678,"$9,289,423.68",https://coinmarketcap.com/currencies/zilliqa/,https://coinmarketcap.com/currencies/zilliqa/historical-data
106,Oasis Network,ROSE,"$262,758,293.88",$0.04016,"$8,488,734.89",https://coinmarketcap.com/currencies/oasis-network/,https://coinmarketcap.com/currencies/oasis-network/historical-data
107,Gnosis,GNO,"$259,916,757.02",$100.37,"$9,010,761.33",https://coinmarketcap.com/currencies/gnosis-gno/,https://coinmarketcap.com/currencies/gnosis-gno/historical-data
108,Basic Attention Token,BAT,"$259,390,286.81",$0.1741,"$11,652,074.40",https://coinmarketcap.com/currencies/basic-attention-token/,https://coinmarketcap.com/currencies/basic-attention-token/historical-data
109,SafePal,SFP,"$258,458,487.51",$0.5169,"$18,332,639.01",https://coinmarketcap.com/currencies/safepal/,https://coinmarketcap.com/currencies/safepal/historical-data
110,1inch Network,1INCH,"$254,142,214.04",$0.2466,"$14,697,983.67",https://coinmarketcap.com/currencies/1inch/,https://coinmarketcap.com/currencies/1inch/historical-data
111,Sei,SEI,"$250,514,511.16",$0.1392,"$76,796,276.75",https://coinmarketcap.com/currencies/sei/,https://coinmarketcap.com/currencies/sei/historical-data
112,Chia,XCH,"$249,594,139.73",$30.15,"$2,493,014.38",https://coinmarketcap.com/currencies/chia-network/,https://coinmarketcap.com/currencies/chia-network/historical-data
113,Loopring,LRC,"$243,120,792.45",$0.1826,"$7,950,107.13",https://coinmarketcap.com/currencies/loopring/,https://coinmarketcap.com/currencies/loopring/historical-data
114,Enjin Coin,ENJ,"$239,879,871.02",$0.2399,"$9,047,904.29",https://coinmarketcap.com/currencies/enjin-coin/,https://coinmarketcap.com/currencies/enjin-coin/historical-data
115,Helium,HNT,"$233,371,411.70",$1.6214,"$1,847,724.85",https://coinmarketcap.com/currencies/helium/,https://coinmarketcap.com/currencies/helium/historical-data
116,Qtum,QTUM,"$230,408,357.90",$2.1995,"$21,824,327.41",https://coinmarketcap.com/currencies/qtum/,https://coinmarketcap.com/currencies/qtum/historical-data
117,Ethereum Name Service,ENS,"$230,123,909.42",$7.7697,"$7,249,456.61",https://coinmarketcap.com/currencies/ethereum-name-service/,https://coinmarketcap.com/currencies/ethereum-name-service/historical-data
118,NEM,XEM,"$226,756,776.59",$0.0252,"$3,637,894.71",https://coinmarketcap.com/currencies/nem/,https://coinmarketcap.com/currencies/nem/historical-data
119,Bitcoin Gold,BTG,"$222,687,909.02",$12.71,"$1,816,441.53",https://coinmarketcap.com/currencies/bitcoin-gold/,https://coinmarketcap.com/currencies/bitcoin-gold/historical-data
120,SingularityNET,AGIX,"$223,803,293.06",$0.1816,"$25,677,761.30",https://coinmarketcap.com/currencies/singularitynet/,https://coinmarketcap.com/currencies/singularitynet/historical-data
121,Convex Finance,CVX,"$220,872,673.57",$2.7635,"$4,799,292.50",https://coinmarketcap.com/currencies/convex-finance/,https://coinmarketcap.com/currencies/convex-finance/historical-data
122,Mask Network,MASK,"$219,868,739.56",$2.6777,"$42,448,920.27",https://coinmarketcap.com/currencies/mask-network/,https://coinmarketcap.com/currencies/mask-network/historical-data
123,Celo,CELO,"$217,466,370.64",$0.4277,"$5,014,092.56",https://coinmarketcap.com/currencies/celo/,https://coinmarketcap.com/currencies/celo/historical-data
124,Theta Fuel,TFUEL,"$208,826,970.64",$0.03337,"$1,666,662.11",https://coinmarketcap.com/currencies/theta-fuel/,https://coinmarketcap.com/currencies/theta-fuel/historical-data
125,Decred,DCR,"$204,933,768.36",$13.27,"$3,536,271.70",https://coinmarketcap.com/currencies/decred/,https://coinmarketcap.com/currencies/decred/historical-data
126,Ankr,ANKR,"$199,419,911.21",$0.01994,"$7,104,786.37",https://coinmarketcap.com/currencies/ankr/,https://coinmarketcap.com/currencies/ankr/historical-data
127,Ravencoin,RVN,"$197,729,455.63",$0.01533,"$4,640,807.83",https://coinmarketcap.com/currencies/ravencoin/,https://coinmarketcap.com/currencies/ravencoin/historical-data
128,Osmosis,OSMO,"$196,035,048.71",$0.398,"$4,523,572.86",https://coinmarketcap.com/currencies/osmosis/,https://coinmarketcap.com/currencies/osmosis/historical-data
129,Ocean Protocol,OCEAN,"$195,666,273.80",$0.3191,"$21,516,327.25",https://coinmarketcap.com/currencies/ocean-protocol/,https://coinmarketcap.com/currencies/ocean-protocol/historical-data
130,yearn.finance,YFI,"$189,768,242.79","$5,743.31","$32,477,076.44",https://coinmarketcap.com/currencies/yearn-finance/,https://coinmarketcap.com/currencies/yearn-finance/historical-data
131,Livepeer,LPT,"$190,321,657.35",$6.6052,"$46,599,344.67",https://coinmarketcap.com/currencies/livepeer/,https://coinmarketcap.com/currencies/livepeer/historical-data
132,Holo,HOT,"$187,223,432.70",$0.001089,"$7,232,514.60",https://coinmarketcap.com/currencies/holo/,https://coinmarketcap.com/currencies/holo/historical-data
133,JUST,JST,"$184,678,157.70",$0.02075,"$26,282,427.87",https://coinmarketcap.com/currencies/just/,https://coinmarketcap.com/currencies/just/historical-data
134,STEPN,GMT,"$184,504,985.59",$0.168,"$14,461,809.97",https://coinmarketcap.com/currencies/green-metaverse-token/,https://coinmarketcap.com/currencies/green-metaverse-token/historical-data
135,Balancer,BAL,"$180,660,096.04",$3.4894,"$3,011,030.81",https://coinmarketcap.com/currencies/balancer/,https://coinmarketcap.com/currencies/balancer/historical-data
136,aelf,ELF,"$179,857,321.91",$0.2885,"$6,632,930.42",https://coinmarketcap.com/currencies/aelf/,https://coinmarketcap.com/currencies/aelf/historical-data
137,Fetch.ai,FET,"$177,921,029.73",$0.2172,"$40,368,780.24",https://coinmarketcap.com/currencies/fetch/,https://coinmarketcap.com/currencies/fetch/historical-data
138,Blur,BLUR,"$176,961,202.02",$0.203,"$18,453,388.90",https://coinmarketcap.com/currencies/blur-token/,https://coinmarketcap.com/currencies/blur-token/historical-data
139,Waves,WAVES,"$172,051,395.02",$1.5319,"$23,640,637.40",https://coinmarketcap.com/currencies/waves/,https://coinmarketcap.com/currencies/waves/historical-data
140,Golem,GLM,"$170,836,389.63",$0.1708,"$2,591,329.18",https://coinmarketcap.com/currencies/golem-network-tokens/,https://coinmarketcap.com/currencies/golem-network-tokens/historical-data
141,Aragon,ANT,"$170,362,619.31",$4.2559,"$10,616,920.75",https://coinmarketcap.com/currencies/aragon/,https://coinmarketcap.com/currencies/aragon/historical-data
142,Audius,AUDIO,"$166,961,966.86",$0.1509,"$3,482,186.35",https://coinmarketcap.com/currencies/audius/,https://coinmarketcap.com/currencies/audius/historical-data
143,JasmyCoin,JASMY,"$166,499,858.56",$0.003405,"$11,715,276.53",https://coinmarketcap.com/currencies/jasmy/,https://coinmarketcap.com/currencies/jasmy/historical-data
144,FLOKI,FLOKI,"$165,691,080.08",$0.00001756,"$9,666,843.90",https://coinmarketcap.com/currencies/floki-inu/,https://coinmarketcap.com/currencies/floki-inu/historical-data
145,Threshold,T,"$165,422,273.70",$0.01847,"$3,437,076.95",https://coinmarketcap.com/currencies/threshold/,https://coinmarketcap.com/currencies/threshold/historical-data
146,ICON,ICX,"$163,669,478.54",$0.1695,"$2,467,118.41",https://coinmarketcap.com/currencies/icon/,https://coinmarketcap.com/currencies/icon/historical-data
147,Kusama,KSM,"$161,905,219.88",$19.11,"$7,737,748.95",https://coinmarketcap.com/currencies/kusama/,https://coinmarketcap.com/currencies/kusama/historical-data
148,Siacoin,SC,"$160,633,077.22",$0.002925,"$3,912,022.89",https://coinmarketcap.com/currencies/siacoin/,https://coinmarketcap.com/currencies/siacoin/historical-data
149,Worldcoin,WLD,"$160,653,137.13",$1.2667,"$47,733,742.84",https://coinmarketcap.com/currencies/worldcoin-org/,https://coinmarketcap.com/currencies/worldcoin-org/historical-data
150,Solar,SXP,"$154,613,096.98",$0.2687,"$9,004,557.54",https://coinmarketcap.com/currencies/sxp/,https://coinmarketcap.com/currencies/sxp/historical-data
151,Terra,LUNA,"$150,348,361.81",$0.4205,"$17,167,568.40",https://coinmarketcap.com/currencies/terra-luna-v2/,https://coinmarketcap.com/currencies/terra-luna-v2/historical-data
152,Illuvium,ILV,"$149,283,070.48",$42.35,"$3,898,537.54",https://coinmarketcap.com/currencies/illuvium/,https://coinmarketcap.com/currencies/illuvium/historical-data
153,Hive,HIVE,"$146,652,257.01",$0.2929,"$2,198,305.99",https://coinmarketcap.com/currencies/hive-blockchain/,https://coinmarketcap.com/currencies/hive-blockchain/historical-data
154,0x Protocol,ZRX,"$146,000,756.62",$0.1723,"$6,772,888.50",https://coinmarketcap.com/currencies/0x/,https://coinmarketcap.com/currencies/0x/historical-data
155,EthereumPoW,ETHW,"$143,071,341.96",$1.3270,"$3,856,402.04",https://coinmarketcap.com/currencies/ethereum-pow/,https://coinmarketcap.com/currencies/ethereum-pow/historical-data
156,Ontology,ONT,"$142,619,354.22",$0.1629,"$4,998,608.02",https://coinmarketcap.com/currencies/ontology/,https://coinmarketcap.com/currencies/ontology/historical-data
157,ssv.network,SSV,"$142,196,532.56",$14.22,"$4,338,715.71",https://coinmarketcap.com/currencies/ssv-network/,https://coinmarketcap.com/currencies/ssv-network/historical-data
158,Moonbeam,GLMR,"$139,493,172.17",$0.195,"$1,301,095.90",https://coinmarketcap.com/currencies/moonbeam/,https://coinmarketcap.com/currencies/moonbeam/historical-data
159,IOST,IOST,"$137,136,497.78",$0.00733,"$5,983,416.47",https://coinmarketcap.com/currencies/iostoken/,https://coinmarketcap.com/currencies/iostoken/historical-data
160,Band Protocol,BAND,"$137,400,379.15",$1.0306,"$4,171,444.95",https://coinmarketcap.com/currencies/band-protocol/,https://coinmarketcap.com/currencies/band-protocol/historical-data
161,Biconomy,BICO,"$136,916,378.80",$0.2116,"$1,792,345.42",https://coinmarketcap.com/currencies/biconomy/,https://coinmarketcap.com/currencies/biconomy/historical-data
162,Harmony,ONE,"$136,032,462.42",$0.0101,"$6,617,847.60",https://coinmarketcap.com/currencies/harmony/,https://coinmarketcap.com/currencies/harmony/historical-data
163,WAX,WAXP,"$136,209,901.34",$0.04074,"$1,934,672.45",https://coinmarketcap.com/currencies/wax/,https://coinmarketcap.com/currencies/wax/historical-data
164,SushiSwap,SUSHI,"$134,943,891.95",$0.5842,"$15,341,137.26",https://coinmarketcap.com/currencies/sushiswap/,https://coinmarketcap.com/currencies/sushiswap/historical-data
165,Axelar,AXL,"$131,589,746.46",$0.3518,"$16,779,805.92",https://coinmarketcap.com/currencies/axelar/,https://coinmarketcap.com/currencies/axelar/historical-data
166,IoTeX,IOTX,"$129,646,454.31",$0.01373,"$3,448,326.63",https://coinmarketcap.com/currencies/iotex/,https://coinmarketcap.com/currencies/iotex/historical-data
167,MAGIC,MAGIC,"$127,036,769.83",$0.5703,"$21,525,932.09",https://coinmarketcap.com/currencies/magic-token/,https://coinmarketcap.com/currencies/magic-token/historical-data
168,Merit Circle,MC,"$125,100,518.60",$0.2942,"$6,498,874.03",https://coinmarketcap.com/currencies/merit-circle/,https://coinmarketcap.com/currencies/merit-circle/historical-data
169,TerraClassicUSD,USTC,"$122,466,503.22",$0.01251,"$3,570,494.55",https://coinmarketcap.com/currencies/terrausd/,https://coinmarketcap.com/currencies/terrausd/historical-data
170,Kadena,KDA,"$122,625,935.14",$0.5041,"$12,043,500.87",https://coinmarketcap.com/currencies/kadena/,https://coinmarketcap.com/currencies/kadena/historical-data
171,UniBot,UNIBOT,"$119,139,451.35",$119.14,"$13,371,929.55",https://coinmarketcap.com/currencies/unibot-eth/,https://coinmarketcap.com/currencies/unibot-eth/historical-data
172,BORA,BORA,"$116,876,111.22",$0.1176,"$1,078,056.71",https://coinmarketcap.com/currencies/bora/,https://coinmarketcap.com/currencies/bora/historical-data
173,Nervos Network,CKB,"$114,178,600.51",$0.002721,"$1,195,930.34",https://coinmarketcap.com/currencies/nervos-network/,https://coinmarketcap.com/currencies/nervos-network/historical-data
174,DigiByte,DGB,"$112,051,075.54",$0.006809,"$2,133,416.20",https://coinmarketcap.com/currencies/digibyte/,https://coinmarketcap.com/currencies/digibyte/historical-data
175,Stargate Finance,STG,"$111,284,549.85",$0.5446,"$9,372,284.74",https://coinmarketcap.com/currencies/stargate-finance/,https://coinmarketcap.com/currencies/stargate-finance/historical-data
176,DAO Maker,DAO,"$109,097,574.63",$0.7579,"$2,050,386.87",https://coinmarketcap.com/currencies/dao-maker/,https://coinmarketcap.com/currencies/dao-maker/historical-data
177,MobileCoin,MOB,"$106,878,901.86",$0.5473,"$855,033.54",https://coinmarketcap.com/currencies/mobilecoin/,https://coinmarketcap.com/currencies/mobilecoin/historical-data
178,Ribbon Finance,RBN,"$104,229,874.78",$0.1941,"$435,345.29",https://coinmarketcap.com/currencies/ribbon-finance/,https://coinmarketcap.com/currencies/ribbon-finance/historical-data
179,Core,CORE,"$103,622,716.90",$0.6673,"$4,883,820.52",https://coinmarketcap.com/currencies/core-dao/,https://coinmarketcap.com/currencies/core-dao/historical-data
180,SKALE,SKL,"$103,487,619.04",$0.02214,"$5,535,973.77",https://coinmarketcap.com/currencies/skale-network/,https://coinmarketcap.com/currencies/skale-network/historical-data
181,Flux,FLUX,"$102,255,066.05",$0.3227,"$12,542,901.39",https://coinmarketcap.com/currencies/zel/,https://coinmarketcap.com/currencies/zel/historical-data
182,UMA,UMA,"$100,999,215.75",$1.3730,"$4,397,352.64",https://coinmarketcap.com/currencies/uma/,https://coinmarketcap.com/currencies/uma/historical-data
183,Horizen,ZEN,"$100,103,068.04",$7.1240,"$4,518,427.98",https://coinmarketcap.com/currencies/horizen/,https://coinmarketcap.com/currencies/horizen/historical-data
184,Galxe,GAL,"$97,438,508.25",$1.1478,"$11,389,253.20",https://coinmarketcap.com/currencies/galxe/,https://coinmarketcap.com/currencies/galxe/historical-data
185,Reserve Rights,RSR,"$96,087,678.25",$0.001899,"$2,934,968.45",https://coinmarketcap.com/currencies/reserve-rights/,https://coinmarketcap.com/currencies/reserve-rights/historical-data
186,TomoChain,TOMO,"$98,470,191.43",$1.0169,"$52,610,535.22",https://coinmarketcap.com/currencies/tomochain/,https://coinmarketcap.com/currencies/tomochain/historical-data
187,Everscale,EVER,"$94,519,051.53",$0.05244,"$2,537,487.22",https://coinmarketcap.com/currencies/everscale/,https://coinmarketcap.com/currencies/everscale/historical-data
188,STP,STPT,"$87,870,432.95",$0.04524,"$4,474,869.51",https://coinmarketcap.com/currencies/standard-tokenization-protocol/,https://coinmarketcap.com/currencies/standard-tokenization-protocol/historical-data
189,Lisk,LSK,"$92,740,883.38",$0.7195,"$1,294,868.67",https://coinmarketcap.com/currencies/lisk/,https://coinmarketcap.com/currencies/lisk/historical-data
190,Nano,XNO,"$92,571,025.39",$0.6947,"$25,218,288.55",https://coinmarketcap.com/currencies/nano/,https://coinmarketcap.com/currencies/nano/historical-data
191,Storj,STORJ,"$92,287,703.18",$0.2391,"$5,077,816.49",https://coinmarketcap.com/currencies/storj/,https://coinmarketcap.com/currencies/storj/historical-data
192,Alchemy Pay,ACH,"$91,712,920.91",$0.01379,"$4,724,978.35",https://coinmarketcap.com/currencies/alchemy-pay/,https://coinmarketcap.com/currencies/alchemy-pay/historical-data
193,Kyber Network Crystal v2,KNC,"$91,355,332.57",$0.5359,"$11,055,350.26",https://coinmarketcap.com/currencies/kyber-network-crystal-v2/,https://coinmarketcap.com/currencies/kyber-network-crystal-v2/historical-data
194,Cartesi,CTSI,"$90,971,104.84",$0.1225,"$2,935,206.20",https://coinmarketcap.com/currencies/cartesi/,https://coinmarketcap.com/currencies/cartesi/historical-data
195,Celer Network,CELR,"$89,407,039.42",$0.01155,"$2,096,473.84",https://coinmarketcap.com/currencies/celer-network/,https://coinmarketcap.com/currencies/celer-network/historical-data
196,PlayDapp,PLA,"$86,940,366.42",$0.1552,"$5,954,212.50",https://coinmarketcap.com/currencies/playdapp/,https://coinmarketcap.com/currencies/playdapp/historical-data
197,Pundi X (New),PUNDIX,"$86,996,042.68",$0.3366,"$1,388,172.99",https://coinmarketcap.com/currencies/pundix-new/,https://coinmarketcap.com/currencies/pundix-new/historical-data
198,Vulcan Forged PYR,PYR,"$86,861,435.87",$3.1955,"$2,124,704.13",https://coinmarketcap.com/currencies/vulcan-forged-pyr/,https://coinmarketcap.com/currencies/vulcan-forged-pyr/historical-data
199,Status,SNT,"$83,853,059.08",$0.02173,"$1,634,389.39",https://coinmarketcap.com/currencies/status/,https://coinmarketcap.com/currencies/status/historical-data
200,Amp,AMP,"$82,508,280.50",$0.001954,"$3,079,303.02",https://coinmarketcap.com/currencies/amp/,https://coinmarketcap.com/currencies/amp/historical-data
