Rank,Name,GitHub Link
1,Bitcoin,https://github.com/bitcoin/bitcoin
2,Ethereum,https://github.com/ethereum/go-ethereum
3,Tether USDt,
4,BNB,https://github.com/bnb-chain
5,XRP,https://github.com/ripple/rippled
6,USD Coin,https://github.com/centrehq/centre-tokens
7,Cardano,https://cardanoupdates.com/
8,Dogecoin,https://github.com/dogecoin/dogecoin
9,Solana,https://github.com/solana-labs
10,TRON,https://github.com/tronprotocol/java-tron
11,Polkadot,https://github.com/paritytech/polkadot
12,Dai,
13,Polygon,https://github.com/maticnetwork/contracts
14,Toncoin,https://github.com/ton-blockchain
15,Litecoin,https://github.com/litecoin-project/litecoin
16,Shiba Inu,
17,Wrapped Bitcoin,https://github.com/WrappedBTC/bitcoin-token-smart-contracts
18,Bitcoin Cash,https://gitlab.com/bitcoin-cash-node/
19,UNUS SED LEO,
20,Avalanche,https://github.com/ava-labs/avalanchego
21,Stellar,https://github.com/stellar/stellar-core
22,Chainlink,https://github.com/smartcontractkit/chainlink
23,Binance USD,https://github.com/paxosglobal/busd-contract
24,TrueUSD,https://github.com/trusttoken/smart-contracts
25,Uniswap,
26,Monero,https://github.com/monero-project/monero
27,OKB,
28,Cosmos,https://github.com/cosmos
29,Ethereum Classic,https://github.com/ethereumclassic/ethereumclassic.github.io
30,Hedera,https://github.com/hashgraph
31,Internet Computer,https://github.com/dfinity/ic
32,Filecoin,https://github.com/filecoin-project/
33,Mantle,https://github.com/mantlenetworkio
34,Lido DAO,https://github.com/lidofinance
35,Cronos,https://github.com/crypto-org-chain/chain-main
36,Aptos,
37,Quant,https://github.com/quantnetwork/
38,Arbitrum,
39,VeChain,https://github.com/vechain
40,NEAR Protocol,https://github.com/nearprotocol/nearcore
41,Optimism,https://github.com/ethereum-optimism/
42,Maker,https://github.com/makerdao
43,Aave,https://github.com/aave
44,The Graph,https://github.com/graphprotocol
45,Algorand,https://github.com/algorand/go-algorand
46,XDC Network,https://github.com/xinfinorg
47,USDD,https://tronscan.org/#/contract/TPYmHEhy5n8TCEfYGqW2rPxsghSfzghPDn/code
48,Axie Infinity,
49,The Sandbox,
50,Tezos,https://gitlab.com/tezos/tezos
51,Stacks,https://github.com/stacks-network
52,MultiversX,https://github.com/multiversx
53,EOS,https://github.com/AntelopeIO/leap
54,Theta Network,https://github.com/thetatoken
55,Immutable,
56,Injective,https://github.com/InjectiveLabs
57,Fantom,https://github.com/Fantom-Foundation
58,Bitcoin SV,https://github.com/bitcoin-sv/bitcoin-sv
59,Decentraland,https://github.com/decentraland/mana
60,Synthetix,
61,Render,
62,ApeCoin,
63,Pax Dollar,https://github.com/paxosglobal/pax-contracts
64,Neo,https://github.com/neo-project/neo
65,THORChain,https://github.com/thorchain
66,Kava,https://github.com/kava-labs
67,PAX Gold,https://github.com/paxosglobal/paxos-gold-contract
68,Tether Gold,
69,eCash,https://github.com/bitcoin-abc
70,Flow,https://github.com/onflow
71,Rocket Pool,https://github.com/rocket-pool/rocketpool
72,Chiliz,
73,Gala,
74,Klaytn,https://github.com/klaytn/klaytn
75,KuCoin Token,
76,Frax Share,https://github.com/fraxfinance
77,IOTA,https://github.com/iotaledger
78,Zcash,https://github.com/zcash/zcash
79,Casper,https://github.com/casper-network/
80,Sui,https://github.com/MystenLabs
81,Huobi Token,
82,BitTorrent(New),https://github.com/bittorrent
83,Curve DAO Token,https://github.com/curvefi/curve-contract
84,Conflux,https://github.com/Conflux-Chain
85,Mina,https://github.com/MinaProtocol/mina
86,GateToken,https://github.com/gatechain
87,Terra Classic,https://github.com/terra-money/core
88,Trust Wallet Token,https://github.com/trustwallet
89,Pepe,
90,dYdX,https://github.com/dydxfoundation/
91,Compound,https://github.com/compound-finance/compound-protocol
92,Nexo,https://github.com/nexofinance/NEXO-Token/
93,GMX,
94,Bone ShibaSwap,
95,APENFT,
96,WOO Network,
97,Gemini Dollar,https://github.com/gemini/dollar
98,Flare,https://github.com/flare-foundation/
99,Astar,https://github.com/AstarNetwork/Astar
100,Dash,https://github.com/dashpay/dash
101,Akash Network,
102,PancakeSwap,https://github.com/pancakeswap
103,MX TOKEN,
104,Arweave,https://github.com/ArweaveTeam/arweave
105,Zilliqa,https://github.com/Zilliqa/Zilliqa
106,Oasis Network,https://github.com/oasisprotocol/oasis-core
107,Gnosis,
108,Basic Attention Token,https://github.com/brave-intl/bat-ledger
109,SafePal,https://github.com/SafePalWallet
110,1inch Network,https://github.com/1inch
111,Sei,https://github.com/sei-protocol
112,Chia,https://github.com/Chia-Network/chia-blockchain
113,Loopring,https://github.com/loopring
114,Enjin Coin,https://github.com/enjin/
115,Helium,https://github.com/helium/
116,Qtum,https://github.com/qtumproject/qtum/
117,Ethereum Name Service,https://github.com/ensdomains
118,NEM,https://github.com/NemProject
119,Bitcoin Gold,https://github.com/BTCGPU/BTCGPU
120,SingularityNET,https://github.com/singnet/
121,Convex Finance,https://github.com/convex-eth/platform
122,Mask Network,https://github.com/DimensionDev/Maskbook
123,Celo,https://github.com/celo-org/celo-monorepo/
124,Theta Fuel,https://github.com/thetatoken/theta-protocol-ledger
125,Decred,https://github.com/decred/
126,Ankr,https://github.com/Ankr-network
127,Ravencoin,https://github.com/RavenProject/Ravencoin
128,Osmosis,https://github.com/osmosis-labs/osmosis
129,Ocean Protocol,https://github.com/oceanprotocol
130,yearn.finance,https://github.com/yearn/iearn-finance
131,Livepeer,https://github.com/livepeer
132,Holo,https://github.com/holochain/holochain-rust
133,JUST,
134,STEPN,
135,Balancer,https://github.com/balancer-labs
136,aelf,https://github.com/aelfProject
137,Fetch.ai,https://github.com/fetchai
138,Blur,
139,Waves,https://github.com/wavesplatform/
140,Golem,https://github.com/golemfactory/golem
141,Aragon,
142,Audius,
143,JasmyCoin,
144,FLOKI,https://github.com/floki-inu
145,Threshold,https://github.com/threshold-network
146,ICON,https://github.com/icon-project
147,Kusama,https://github.com/kusamanetwork
148,Siacoin,https://github.com/SiaFoundation
149,Worldcoin,https://github.com/worldcoin
150,Solar,https://github.com/Solar-network
151,Terra,https://github.com/terra-money/core
152,Illuvium,
153,Hive,https://github.com/openhive-network/hive
154,0x Protocol,https://github.com/0xProject
155,EthereumPoW,https://github.com/ethereumpow
156,Ontology,https://github.com/ontio
157,ssv.network,https://github.com/bloxapp/ssv-web
158,Moonbeam,https://github.com/PureStake/moonbeam
159,IOST,
160,Band Protocol,https://github.com/bandprotocol
161,Biconomy,https://github.com/bcnmy
162,Harmony,https://github.com/harmony-one
163,WAX,https://github.com/worldwide-asset-exchange/
164,SushiSwap,https://github.com/sushiswap/sushiswap
165,Axelar,https://github.com/axelarnetwork
166,IoTeX,https://github.com/iotexproject/iotex-core
167,MAGIC,https://github.com/TreasureProject/
168,Merit Circle,
169,TerraClassicUSD,https://github.com/terra-project
170,Kadena,https://github.com/kadena-io/chainweb-node
171,UniBot,
172,BORA,
173,Nervos Network,https://github.com/nervosnetwork
174,DigiByte,https://github.com/DigiByte-Core
175,Stargate Finance,
176,DAO Maker,https://github.com/daomaker
177,MobileCoin,https://github.com/mobilecoinfoundation/mobilecoin
178,Ribbon Finance,https://github.com/ribbon-finance
179,Core,
180,SKALE,https://github.com/skalenetwork
181,Flux,https://github.com/runonflux
182,UMA,https://github.com/UMAprotocol
183,Horizen,https://github.com/HorizenOfficial
184,Galxe,
185,Reserve Rights,https://github.com/reserve-protocol
186,TomoChain,https://github.com/tomochain/
187,Everscale,https://github.com/tonlabs/ever-sdk
188,STP,
189,Lisk,https://github.com/LiskHQ/lisk-sdk
190,Nano,https://github.com/nanocurrency
191,Storj,https://github.com/storj/storj
192,Alchemy Pay,https://github.com/Alchemy-GPS
193,Kyber Network Crystal v2,https://github.com/kybernetwork
194,Cartesi,https://github.com/cartesi
195,Celer Network,https://github.com/celer-network
196,PlayDapp,https://github.com/playdapp
197,Pundi X (New),
198,Vulcan Forged PYR,
199,Status,https://github.com/status-im
200,Amp,https://github.com/amptoken
