id,Rank,Name,Symbol,Market_Cap,Price,volume24h,MainLink,HistoricalLink
0,1,Bitcoin,BTC,507090156466.71,26047.67,12406045117.51,https://coinmarketcap.com/currencies/bitcoin/,https://coinmarketcap.com/currencies/bitcoin/historical-data
1,2,Ethereum,ETH,198709982386.16,1652.94,5396997822.81,https://coinmarketcap.com/currencies/ethereum/,https://coinmarketcap.com/currencies/ethereum/historical-data
2,3,Tether USDt,USDT,82807252662.66,0.9995,19999153581.65,https://coinmarketcap.com/currencies/tether/,https://coinmarketcap.com/currencies/tether/historical-data
3,4,BNB,BNB,33590478887.3,218.33,423891091.63,https://coinmarketcap.com/currencies/bnb/,https://coinmarketcap.com/currencies/bnb/historical-data
4,5,XRP,XRP,27845876512.16,0.5262,1067427241.27,https://coinmarketcap.com/currencies/xrp/,https://coinmarketcap.com/currencies/xrp/historical-data
5,6,USD Coin,USDC,25919090832.39,1.0001,2870155394.25,https://coinmarketcap.com/currencies/usd-coin/,https://coinmarketcap.com/currencies/usd-coin/historical-data
6,7,Cardano,ADA,9152956074.04,0.2611,226745371.9,https://coinmarketcap.com/currencies/cardano/,https://coinmarketcap.com/currencies/cardano/historical-data
7,8,Dogecoin,DOGE,8878470592.73,0.06308,202977283.44,https://coinmarketcap.com/currencies/dogecoin/,https://coinmarketcap.com/currencies/dogecoin/historical-data
8,9,Solana,SOL,8318053764.65,20.39,278312420.21,https://coinmarketcap.com/currencies/solana/,https://coinmarketcap.com/currencies/solana/historical-data
9,10,TRON,TRX,6900049920.05,0.0772,174447305.16,https://coinmarketcap.com/currencies/tron/,https://coinmarketcap.com/currencies/tron/historical-data
10,11,Polkadot,DOT,5458384818.16,4.4865,94505373.46,https://coinmarketcap.com/currencies/polkadot-new/,https://coinmarketcap.com/currencies/polkadot-new/historical-data
11,12,Dai,DAI,5347822079.04,0.9999,75095538.95,https://coinmarketcap.com/currencies/multi-collateral-dai/,https://coinmarketcap.com/currencies/multi-collateral-dai/historical-data
12,13,Polygon,MATIC,5090241628.57,0.5462,274560763.21,https://coinmarketcap.com/currencies/polygon/,https://coinmarketcap.com/currencies/polygon/historical-data
13,14,Toncoin,TON,4897461704.62,1.427,29643403.69,https://coinmarketcap.com/currencies/toncoin/,https://coinmarketcap.com/currencies/toncoin/historical-data
14,15,Litecoin,LTC,4790996215.75,65.11,268487447.25,https://coinmarketcap.com/currencies/litecoin/,https://coinmarketcap.com/currencies/litecoin/historical-data
15,16,Shiba Inu,SHIB,4796905977.53,8.14e-06,139371203.42,https://coinmarketcap.com/currencies/shiba-inu/,https://coinmarketcap.com/currencies/shiba-inu/historical-data
16,17,Wrapped Bitcoin,WBTC,4243855522.84,26053.6,76364182.11,https://coinmarketcap.com/currencies/wrapped-bitcoin/,https://coinmarketcap.com/currencies/wrapped-bitcoin/historical-data
17,18,Bitcoin Cash,BCH,3742379987.32,192.05,139896933.21,https://coinmarketcap.com/currencies/bitcoin-cash/,https://coinmarketcap.com/currencies/bitcoin-cash/historical-data
18,19,UNUS SED LEO,LEO,3565997081.68,3.8364,537932.26,https://coinmarketcap.com/currencies/unus-sed-leo/,https://coinmarketcap.com/currencies/unus-sed-leo/historical-data
19,20,Avalanche,AVAX,3459082269.77,10.05,120285068.43,https://coinmarketcap.com/currencies/avalanche/,https://coinmarketcap.com/currencies/avalanche/historical-data
20,21,Stellar,XLM,3395969321.15,0.1239,89277309.03,https://coinmarketcap.com/currencies/stellar/,https://coinmarketcap.com/currencies/stellar/historical-data
21,22,Chainlink,LINK,3232593123.9,6.0074,161052214.6,https://coinmarketcap.com/currencies/chainlink/,https://coinmarketcap.com/currencies/chainlink/historical-data
22,23,Binance USD,BUSD,3153614715.61,1.0003,1079878217.44,https://coinmarketcap.com/currencies/binance-usd/,https://coinmarketcap.com/currencies/binance-usd/historical-data
23,24,TrueUSD,TUSD,2906332785.19,0.9996,1733339380.82,https://coinmarketcap.com/currencies/trueusd/,https://coinmarketcap.com/currencies/trueusd/historical-data
24,25,Uniswap,UNI,2627527906.85,4.5498,87112537.96,https://coinmarketcap.com/currencies/uniswap/,https://coinmarketcap.com/currencies/uniswap/historical-data
25,26,Monero,XMR,2563461708.97,139.9,62511771.52,https://coinmarketcap.com/currencies/monero/,https://coinmarketcap.com/currencies/monero/historical-data
26,27,OKB,OKB,2560000113.73,42.67,1728990.68,https://coinmarketcap.com/currencies/okb/,https://coinmarketcap.com/currencies/okb/historical-data
27,28,Cosmos,ATOM,2510937180.9,7.2443,87429486.09,https://coinmarketcap.com/currencies/cosmos/,https://coinmarketcap.com/currencies/cosmos/historical-data
28,29,Ethereum Classic,ETC,2282733161.55,16.0,75525218.61,https://coinmarketcap.com/currencies/ethereum-classic/,https://coinmarketcap.com/currencies/ethereum-classic/historical-data
29,30,Hedera,HBAR,1947264958.07,0.05886,82946495.9,https://coinmarketcap.com/currencies/hedera/,https://coinmarketcap.com/currencies/hedera/historical-data
30,31,Internet Computer,ICP,1551766082.28,3.5101,16614482.5,https://coinmarketcap.com/currencies/internet-computer/,https://coinmarketcap.com/currencies/internet-computer/historical-data
31,32,Filecoin,FIL,1434049850.09,3.2352,96585090.02,https://coinmarketcap.com/currencies/filecoin/,https://coinmarketcap.com/currencies/filecoin/historical-data
32,33,Mantle,MNT,1389503504.21,0.4296,12277953.46,https://coinmarketcap.com/currencies/mantle/,https://coinmarketcap.com/currencies/mantle/historical-data
33,34,Lido DAO,LDO,1383021589.59,1.558,67800848.27,https://coinmarketcap.com/currencies/lido-dao/,https://coinmarketcap.com/currencies/lido-dao/historical-data
34,35,Cronos,CRO,1294165405.57,0.05123,6005789.23,https://coinmarketcap.com/currencies/cronos/,https://coinmarketcap.com/currencies/cronos/historical-data
35,36,Aptos,APT,1293223853.59,5.6911,88396875.79,https://coinmarketcap.com/currencies/aptos/,https://coinmarketcap.com/currencies/aptos/historical-data
36,37,Quant,QNT,1224514289.72,101.43,12974257.69,https://coinmarketcap.com/currencies/quant/,https://coinmarketcap.com/currencies/quant/historical-data
37,38,Arbitrum,ARB,1208723808.64,0.948,152807293.97,https://coinmarketcap.com/currencies/arbitrum/,https://coinmarketcap.com/currencies/arbitrum/historical-data
38,39,VeChain,VET,1167316310.31,0.01605,23309138.0,https://coinmarketcap.com/currencies/vechain/,https://coinmarketcap.com/currencies/vechain/historical-data
39,40,NEAR Protocol,NEAR,1120314403.12,1.1897,47022915.54,https://coinmarketcap.com/currencies/near-protocol/,https://coinmarketcap.com/currencies/near-protocol/historical-data
40,41,Optimism,OP,1052692332.09,1.4688,152907326.63,https://coinmarketcap.com/currencies/optimism-ethereum/,https://coinmarketcap.com/currencies/optimism-ethereum/historical-data
41,42,Maker,MKR,990504480.61,1013.17,64448513.14,https://coinmarketcap.com/currencies/maker/,https://coinmarketcap.com/currencies/maker/historical-data
42,43,Aave,AAVE,826232881.8,56.89,68297790.82,https://coinmarketcap.com/currencies/aave/,https://coinmarketcap.com/currencies/aave/historical-data
43,44,The Graph,GRT,816867738.33,0.08914,36019315.03,https://coinmarketcap.com/currencies/the-graph/,https://coinmarketcap.com/currencies/the-graph/historical-data
44,45,Algorand,ALGO,758703967.47,0.09693,22762098.11,https://coinmarketcap.com/currencies/algorand/,https://coinmarketcap.com/currencies/algorand/historical-data
45,46,XDC Network,XDC,733226989.17,0.05291,10528676.98,https://coinmarketcap.com/currencies/xdc-network/,https://coinmarketcap.com/currencies/xdc-network/historical-data
46,47,USDD,USDD,723638753.88,0.9977,24074045.57,https://coinmarketcap.com/currencies/usdd/,https://coinmarketcap.com/currencies/usdd/historical-data
47,48,Axie Infinity,AXS,683752252.2,4.8546,16559944.78,https://coinmarketcap.com/currencies/axie-infinity/,https://coinmarketcap.com/currencies/axie-infinity/historical-data
48,49,The Sandbox,SAND,666749800.85,0.3229,49328785.0,https://coinmarketcap.com/currencies/the-sandbox/,https://coinmarketcap.com/currencies/the-sandbox/historical-data
49,50,Tezos,XTZ,661943435.76,0.6967,13871033.93,https://coinmarketcap.com/currencies/tezos/,https://coinmarketcap.com/currencies/tezos/historical-data
50,51,Stacks,STX,660397460.79,0.4706,13463491.1,https://coinmarketcap.com/currencies/stacks/,https://coinmarketcap.com/currencies/stacks/historical-data
51,52,MultiversX,EGLD,655307121.86,25.32,15831684.24,https://coinmarketcap.com/currencies/multiversx-egld/,https://coinmarketcap.com/currencies/multiversx-egld/historical-data
52,53,EOS,EOS,645857673.66,0.5867,87931284.06,https://coinmarketcap.com/currencies/eos/,https://coinmarketcap.com/currencies/eos/historical-data
53,54,Theta Network,THETA,635749025.28,0.6357,9643726.7,https://coinmarketcap.com/currencies/theta-network/,https://coinmarketcap.com/currencies/theta-network/historical-data
54,55,Immutable,IMX,632186784.21,0.5627,35319141.27,https://coinmarketcap.com/currencies/immutable-x/,https://coinmarketcap.com/currencies/immutable-x/historical-data
55,56,Injective,INJ,608735271.0,7.268,29903353.75,https://coinmarketcap.com/currencies/injective/,https://coinmarketcap.com/currencies/injective/historical-data
56,57,Fantom,FTM,582258459.46,0.2077,29980644.43,https://coinmarketcap.com/currencies/fantom/,https://coinmarketcap.com/currencies/fantom/historical-data
57,58,Bitcoin SV,BSV,579354449.45,30.07,16935868.42,https://coinmarketcap.com/currencies/bitcoin-sv/,https://coinmarketcap.com/currencies/bitcoin-sv/historical-data
58,59,Decentraland,MANA,578069048.78,0.3054,44607866.97,https://coinmarketcap.com/currencies/decentraland/,https://coinmarketcap.com/currencies/decentraland/historical-data
59,60,Synthetix,SNX,555024528.45,2.0624,32694877.37,https://coinmarketcap.com/currencies/synthetix/,https://coinmarketcap.com/currencies/synthetix/historical-data
60,61,Render,RNDR,548179027.6,1.474,25652189.2,https://coinmarketcap.com/currencies/render/,https://coinmarketcap.com/currencies/render/historical-data
61,62,ApeCoin,APE,533029166.23,1.4461,48122107.87,https://coinmarketcap.com/currencies/apecoin-ape/,https://coinmarketcap.com/currencies/apecoin-ape/historical-data
62,63,Pax Dollar,USDP,509987125.72,0.9996,15049818.82,https://coinmarketcap.com/currencies/paxos-standard/,https://coinmarketcap.com/currencies/paxos-standard/historical-data
63,64,Neo,NEO,506141678.92,7.1754,21426170.45,https://coinmarketcap.com/currencies/neo/,https://coinmarketcap.com/currencies/neo/historical-data
64,65,THORChain,RUNE,504043588.86,1.4807,78363548.78,https://coinmarketcap.com/currencies/thorchain/,https://coinmarketcap.com/currencies/thorchain/historical-data
65,66,Kava,KAVA,491529841.24,0.6834,10826058.77,https://coinmarketcap.com/currencies/kava/,https://coinmarketcap.com/currencies/kava/historical-data
66,67,PAX Gold,PAXG,474111896.22,1902.92,4164837.42,https://coinmarketcap.com/currencies/pax-gold/,https://coinmarketcap.com/currencies/pax-gold/historical-data
67,68,Tether Gold,XAUt,472618561.86,1917.13,1043454.41,https://coinmarketcap.com/currencies/tether-gold/,https://coinmarketcap.com/currencies/tether-gold/historical-data
68,69,eCash,XEC,468092957.09,2.403e-05,5883170.07,https://coinmarketcap.com/currencies/ecash/,https://coinmarketcap.com/currencies/ecash/historical-data
69,70,Flow,FLOW,466662055.23,0.4504,24023463.65,https://coinmarketcap.com/currencies/flow/,https://coinmarketcap.com/currencies/flow/historical-data
70,71,Rocket Pool,RPL,461816944.96,23.54,3631508.28,https://coinmarketcap.com/currencies/rocket-pool/,https://coinmarketcap.com/currencies/rocket-pool/historical-data
71,72,Chiliz,CHZ,449072864.89,0.06301,21821080.48,https://coinmarketcap.com/currencies/chiliz/,https://coinmarketcap.com/currencies/chiliz/historical-data
72,73,Gala,GALA,447781599.08,0.01931,39620171.17,https://coinmarketcap.com/currencies/gala/,https://coinmarketcap.com/currencies/gala/historical-data
73,74,Klaytn,KLAY,442419658.82,0.1386,5989536.21,https://coinmarketcap.com/currencies/klaytn/,https://coinmarketcap.com/currencies/klaytn/historical-data
74,75,KuCoin Token,KCS,440503374.19,4.5538,1545478.38,https://coinmarketcap.com/currencies/kucoin-token/,https://coinmarketcap.com/currencies/kucoin-token/historical-data
75,76,Frax Share,FXS,426293235.96,5.8141,17490089.18,https://coinmarketcap.com/currencies/frax-share/,https://coinmarketcap.com/currencies/frax-share/historical-data
76,77,IOTA,MIOTA,407906646.18,0.1468,3669231.04,https://coinmarketcap.com/currencies/iota/,https://coinmarketcap.com/currencies/iota/historical-data
77,78,Zcash,ZEC,408533685.87,25.02,43281382.96,https://coinmarketcap.com/currencies/zcash/,https://coinmarketcap.com/currencies/zcash/historical-data
78,79,Casper,CSPR,403210792.05,0.03577,3053239.75,https://coinmarketcap.com/currencies/casper/,https://coinmarketcap.com/currencies/casper/historical-data
79,80,Sui,SUI,402224441.84,0.5562,162888635.99,https://coinmarketcap.com/currencies/sui/,https://coinmarketcap.com/currencies/sui/historical-data
80,81,Huobi Token,HT,390067399.09,2.4044,12908659.91,https://coinmarketcap.com/currencies/huobi-token/,https://coinmarketcap.com/currencies/huobi-token/historical-data
81,82,BitTorrent(New),BTT,388737453.15,4.1e-07,16409952.52,https://coinmarketcap.com/currencies/bittorrent-new/,https://coinmarketcap.com/currencies/bittorrent-new/historical-data
82,83,Curve DAO Token,CRV,388563836.48,0.4545,40486695.49,https://coinmarketcap.com/currencies/curve-dao-token/,https://coinmarketcap.com/currencies/curve-dao-token/historical-data
83,84,Conflux,CFX,380666189.73,0.1201,21749460.65,https://coinmarketcap.com/currencies/conflux-network/,https://coinmarketcap.com/currencies/conflux-network/historical-data
84,85,Mina,MINA,377292111.77,0.3943,5883656.38,https://coinmarketcap.com/currencies/mina/,https://coinmarketcap.com/currencies/mina/historical-data
85,86,GateToken,GT,373051493.71,3.8843,709656.5,https://coinmarketcap.com/currencies/gatetoken/,https://coinmarketcap.com/currencies/gatetoken/historical-data
86,87,Terra Classic,LUNC,367008700.46,6.311e-05,13407651.68,https://coinmarketcap.com/currencies/terra-luna/,https://coinmarketcap.com/currencies/terra-luna/historical-data
87,88,Trust Wallet Token,TWT,352099983.62,0.8451,6300668.69,https://coinmarketcap.com/currencies/trust-wallet-token/,https://coinmarketcap.com/currencies/trust-wallet-token/historical-data
88,89,Pepe,PEPE,345799872.92,8.8e-07,275837423.37,https://coinmarketcap.com/currencies/pepe/,https://coinmarketcap.com/currencies/pepe/historical-data
89,90,dYdX,DYDX,338669192.01,2.1674,55680344.64,https://coinmarketcap.com/currencies/dydx/,https://coinmarketcap.com/currencies/dydx/historical-data
90,91,Compound,COMP,333203473.32,42.66,27745870.48,https://coinmarketcap.com/currencies/compound/,https://coinmarketcap.com/currencies/compound/historical-data
91,92,Nexo,NEXO,331597132.01,0.5921,2646081.13,https://coinmarketcap.com/currencies/nexo/,https://coinmarketcap.com/currencies/nexo/historical-data
92,93,GMX,GMX,329307564.16,36.72,10808744.78,https://coinmarketcap.com/currencies/gmx/,https://coinmarketcap.com/currencies/gmx/historical-data
93,94,Bone ShibaSwap,BONE,324120084.27,1.4097,12467088.15,https://coinmarketcap.com/currencies/bone-shibaswap/,https://coinmarketcap.com/currencies/bone-shibaswap/historical-data
94,95,APENFT,NFT,319183570.45,3.2e-07,20801039.33,https://coinmarketcap.com/currencies/apenft/,https://coinmarketcap.com/currencies/apenft/historical-data
95,96,WOO Network,WOO,317281942.53,0.1828,8364316.0,https://coinmarketcap.com/currencies/wootrade/,https://coinmarketcap.com/currencies/wootrade/historical-data
96,97,Gemini Dollar,GUSD,310553103.67,0.9977,665745.36,https://coinmarketcap.com/currencies/gemini-dollar/,https://coinmarketcap.com/currencies/gemini-dollar/historical-data
97,98,Flare,FLR,310309647.18,0.0136,4926724.29,https://coinmarketcap.com/currencies/flare/,https://coinmarketcap.com/currencies/flare/historical-data
98,99,Astar,ASTR,304464153.09,0.06444,16871189.08,https://coinmarketcap.com/currencies/astar/,https://coinmarketcap.com/currencies/astar/historical-data
99,100,Dash,DASH,292018552.81,25.56,42382421.01,https://coinmarketcap.com/currencies/dash/,https://coinmarketcap.com/currencies/dash/historical-data
100,101,Akash Network,AKT,285205564.35,1.3118,3635942.35,https://coinmarketcap.com/currencies/akash-network/,https://coinmarketcap.com/currencies/akash-network/historical-data
101,102,PancakeSwap,CAKE,283057029.83,1.2778,13555466.11,https://coinmarketcap.com/currencies/pancakeswap/,https://coinmarketcap.com/currencies/pancakeswap/historical-data
102,103,MX TOKEN,MX,278385921.23,2.7642,2773749.15,https://coinmarketcap.com/currencies/mx-token/,https://coinmarketcap.com/currencies/mx-token/historical-data
103,104,Arweave,AR,273215225.34,4.1741,22890703.54,https://coinmarketcap.com/currencies/arweave/,https://coinmarketcap.com/currencies/arweave/historical-data
104,105,Zilliqa,ZIL,266192636.38,0.01678,9289423.68,https://coinmarketcap.com/currencies/zilliqa/,https://coinmarketcap.com/currencies/zilliqa/historical-data
105,106,Oasis Network,ROSE,262758293.88,0.04016,8488734.89,https://coinmarketcap.com/currencies/oasis-network/,https://coinmarketcap.com/currencies/oasis-network/historical-data
106,107,Gnosis,GNO,259916757.02,100.37,9010761.33,https://coinmarketcap.com/currencies/gnosis-gno/,https://coinmarketcap.com/currencies/gnosis-gno/historical-data
107,108,Basic Attention Token,BAT,259390286.81,0.1741,11652074.4,https://coinmarketcap.com/currencies/basic-attention-token/,https://coinmarketcap.com/currencies/basic-attention-token/historical-data
108,109,SafePal,SFP,258458487.51,0.5169,18332639.01,https://coinmarketcap.com/currencies/safepal/,https://coinmarketcap.com/currencies/safepal/historical-data
109,110,1inch Network,1INCH,254142214.04,0.2466,14697983.67,https://coinmarketcap.com/currencies/1inch/,https://coinmarketcap.com/currencies/1inch/historical-data
110,111,Sei,SEI,250514511.16,0.1392,76796276.75,https://coinmarketcap.com/currencies/sei/,https://coinmarketcap.com/currencies/sei/historical-data
111,112,Chia,XCH,249594139.73,30.15,2493014.38,https://coinmarketcap.com/currencies/chia-network/,https://coinmarketcap.com/currencies/chia-network/historical-data
112,113,Loopring,LRC,243120792.45,0.1826,7950107.13,https://coinmarketcap.com/currencies/loopring/,https://coinmarketcap.com/currencies/loopring/historical-data
113,114,Enjin Coin,ENJ,239879871.02,0.2399,9047904.29,https://coinmarketcap.com/currencies/enjin-coin/,https://coinmarketcap.com/currencies/enjin-coin/historical-data
114,115,Helium,HNT,233371411.7,1.6214,1847724.85,https://coinmarketcap.com/currencies/helium/,https://coinmarketcap.com/currencies/helium/historical-data
115,116,Qtum,QTUM,230408357.9,2.1995,21824327.41,https://coinmarketcap.com/currencies/qtum/,https://coinmarketcap.com/currencies/qtum/historical-data
116,117,Ethereum Name Service,ENS,230123909.42,7.7697,7249456.61,https://coinmarketcap.com/currencies/ethereum-name-service/,https://coinmarketcap.com/currencies/ethereum-name-service/historical-data
117,118,NEM,XEM,226756776.59,0.0252,3637894.71,https://coinmarketcap.com/currencies/nem/,https://coinmarketcap.com/currencies/nem/historical-data
118,119,Bitcoin Gold,BTG,222687909.02,12.71,1816441.53,https://coinmarketcap.com/currencies/bitcoin-gold/,https://coinmarketcap.com/currencies/bitcoin-gold/historical-data
119,120,SingularityNET,AGIX,223803293.06,0.1816,25677761.3,https://coinmarketcap.com/currencies/singularitynet/,https://coinmarketcap.com/currencies/singularitynet/historical-data
120,121,Convex Finance,CVX,220872673.57,2.7635,4799292.5,https://coinmarketcap.com/currencies/convex-finance/,https://coinmarketcap.com/currencies/convex-finance/historical-data
121,122,Mask Network,MASK,219868739.56,2.6777,42448920.27,https://coinmarketcap.com/currencies/mask-network/,https://coinmarketcap.com/currencies/mask-network/historical-data
122,123,Celo,CELO,217466370.64,0.4277,5014092.56,https://coinmarketcap.com/currencies/celo/,https://coinmarketcap.com/currencies/celo/historical-data
123,124,Theta Fuel,TFUEL,208826970.64,0.03337,1666662.11,https://coinmarketcap.com/currencies/theta-fuel/,https://coinmarketcap.com/currencies/theta-fuel/historical-data
124,125,Decred,DCR,204933768.36,13.27,3536271.7,https://coinmarketcap.com/currencies/decred/,https://coinmarketcap.com/currencies/decred/historical-data
125,126,Ankr,ANKR,199419911.21,0.01994,7104786.37,https://coinmarketcap.com/currencies/ankr/,https://coinmarketcap.com/currencies/ankr/historical-data
126,127,Ravencoin,RVN,197729455.63,0.01533,4640807.83,https://coinmarketcap.com/currencies/ravencoin/,https://coinmarketcap.com/currencies/ravencoin/historical-data
127,128,Osmosis,OSMO,196035048.71,0.398,4523572.86,https://coinmarketcap.com/currencies/osmosis/,https://coinmarketcap.com/currencies/osmosis/historical-data
128,129,Ocean Protocol,OCEAN,195666273.8,0.3191,21516327.25,https://coinmarketcap.com/currencies/ocean-protocol/,https://coinmarketcap.com/currencies/ocean-protocol/historical-data
129,130,yearn.finance,YFI,189768242.79,5743.31,32477076.44,https://coinmarketcap.com/currencies/yearn-finance/,https://coinmarketcap.com/currencies/yearn-finance/historical-data
130,131,Livepeer,LPT,190321657.35,6.6052,46599344.67,https://coinmarketcap.com/currencies/livepeer/,https://coinmarketcap.com/currencies/livepeer/historical-data
131,132,Holo,HOT,187223432.7,0.001089,7232514.6,https://coinmarketcap.com/currencies/holo/,https://coinmarketcap.com/currencies/holo/historical-data
132,133,JUST,JST,184678157.7,0.02075,26282427.87,https://coinmarketcap.com/currencies/just/,https://coinmarketcap.com/currencies/just/historical-data
133,134,STEPN,GMT,184504985.59,0.168,14461809.97,https://coinmarketcap.com/currencies/green-metaverse-token/,https://coinmarketcap.com/currencies/green-metaverse-token/historical-data
134,135,Balancer,BAL,180660096.04,3.4894,3011030.81,https://coinmarketcap.com/currencies/balancer/,https://coinmarketcap.com/currencies/balancer/historical-data
135,136,aelf,ELF,179857321.91,0.2885,6632930.42,https://coinmarketcap.com/currencies/aelf/,https://coinmarketcap.com/currencies/aelf/historical-data
136,137,Fetch.ai,FET,177921029.73,0.2172,40368780.24,https://coinmarketcap.com/currencies/fetch/,https://coinmarketcap.com/currencies/fetch/historical-data
137,138,Blur,BLUR,176961202.02,0.203,18453388.9,https://coinmarketcap.com/currencies/blur-token/,https://coinmarketcap.com/currencies/blur-token/historical-data
138,139,Waves,WAVES,172051395.02,1.5319,23640637.4,https://coinmarketcap.com/currencies/waves/,https://coinmarketcap.com/currencies/waves/historical-data
139,140,Golem,GLM,170836389.63,0.1708,2591329.18,https://coinmarketcap.com/currencies/golem-network-tokens/,https://coinmarketcap.com/currencies/golem-network-tokens/historical-data
140,141,Aragon,ANT,170362619.31,4.2559,10616920.75,https://coinmarketcap.com/currencies/aragon/,https://coinmarketcap.com/currencies/aragon/historical-data
141,142,Audius,AUDIO,166961966.86,0.1509,3482186.35,https://coinmarketcap.com/currencies/audius/,https://coinmarketcap.com/currencies/audius/historical-data
142,143,JasmyCoin,JASMY,166499858.56,0.003405,11715276.53,https://coinmarketcap.com/currencies/jasmy/,https://coinmarketcap.com/currencies/jasmy/historical-data
143,144,FLOKI,FLOKI,165691080.08,1.756e-05,9666843.9,https://coinmarketcap.com/currencies/floki-inu/,https://coinmarketcap.com/currencies/floki-inu/historical-data
144,145,Threshold,T,165422273.7,0.01847,3437076.95,https://coinmarketcap.com/currencies/threshold/,https://coinmarketcap.com/currencies/threshold/historical-data
145,146,ICON,ICX,163669478.54,0.1695,2467118.41,https://coinmarketcap.com/currencies/icon/,https://coinmarketcap.com/currencies/icon/historical-data
146,147,Kusama,KSM,161905219.88,19.11,7737748.95,https://coinmarketcap.com/currencies/kusama/,https://coinmarketcap.com/currencies/kusama/historical-data
147,148,Siacoin,SC,160633077.22,0.002925,3912022.89,https://coinmarketcap.com/currencies/siacoin/,https://coinmarketcap.com/currencies/siacoin/historical-data
148,149,Worldcoin,WLD,160653137.13,1.2667,47733742.84,https://coinmarketcap.com/currencies/worldcoin-org/,https://coinmarketcap.com/currencies/worldcoin-org/historical-data
149,150,Solar,SXP,154613096.98,0.2687,9004557.54,https://coinmarketcap.com/currencies/sxp/,https://coinmarketcap.com/currencies/sxp/historical-data
150,151,Terra,LUNA,150348361.81,0.4205,17167568.4,https://coinmarketcap.com/currencies/terra-luna-v2/,https://coinmarketcap.com/currencies/terra-luna-v2/historical-data
151,152,Illuvium,ILV,149283070.48,42.35,3898537.54,https://coinmarketcap.com/currencies/illuvium/,https://coinmarketcap.com/currencies/illuvium/historical-data
152,153,Hive,HIVE,146652257.01,0.2929,2198305.99,https://coinmarketcap.com/currencies/hive-blockchain/,https://coinmarketcap.com/currencies/hive-blockchain/historical-data
153,154,0x Protocol,ZRX,146000756.62,0.1723,6772888.5,https://coinmarketcap.com/currencies/0x/,https://coinmarketcap.com/currencies/0x/historical-data
154,155,EthereumPoW,ETHW,143071341.96,1.327,3856402.04,https://coinmarketcap.com/currencies/ethereum-pow/,https://coinmarketcap.com/currencies/ethereum-pow/historical-data
155,156,Ontology,ONT,142619354.22,0.1629,4998608.02,https://coinmarketcap.com/currencies/ontology/,https://coinmarketcap.com/currencies/ontology/historical-data
156,157,ssv.network,SSV,142196532.56,14.22,4338715.71,https://coinmarketcap.com/currencies/ssv-network/,https://coinmarketcap.com/currencies/ssv-network/historical-data
157,158,Moonbeam,GLMR,139493172.17,0.195,1301095.9,https://coinmarketcap.com/currencies/moonbeam/,https://coinmarketcap.com/currencies/moonbeam/historical-data
158,159,IOST,IOST,137136497.78,0.00733,5983416.47,https://coinmarketcap.com/currencies/iostoken/,https://coinmarketcap.com/currencies/iostoken/historical-data
159,160,Band Protocol,BAND,137400379.15,1.0306,4171444.95,https://coinmarketcap.com/currencies/band-protocol/,https://coinmarketcap.com/currencies/band-protocol/historical-data
160,161,Biconomy,BICO,136916378.8,0.2116,1792345.42,https://coinmarketcap.com/currencies/biconomy/,https://coinmarketcap.com/currencies/biconomy/historical-data
161,162,Harmony,ONE,136032462.42,0.0101,6617847.6,https://coinmarketcap.com/currencies/harmony/,https://coinmarketcap.com/currencies/harmony/historical-data
162,163,WAX,WAXP,136209901.34,0.04074,1934672.45,https://coinmarketcap.com/currencies/wax/,https://coinmarketcap.com/currencies/wax/historical-data
163,164,SushiSwap,SUSHI,134943891.95,0.5842,15341137.26,https://coinmarketcap.com/currencies/sushiswap/,https://coinmarketcap.com/currencies/sushiswap/historical-data
164,165,Axelar,AXL,131589746.46,0.3518,16779805.92,https://coinmarketcap.com/currencies/axelar/,https://coinmarketcap.com/currencies/axelar/historical-data
165,166,IoTeX,IOTX,129646454.31,0.01373,3448326.63,https://coinmarketcap.com/currencies/iotex/,https://coinmarketcap.com/currencies/iotex/historical-data
166,167,MAGIC,MAGIC,127036769.83,0.5703,21525932.09,https://coinmarketcap.com/currencies/magic-token/,https://coinmarketcap.com/currencies/magic-token/historical-data
167,168,Merit Circle,MC,125100518.6,0.2942,6498874.03,https://coinmarketcap.com/currencies/merit-circle/,https://coinmarketcap.com/currencies/merit-circle/historical-data
168,169,TerraClassicUSD,USTC,122466503.22,0.01251,3570494.55,https://coinmarketcap.com/currencies/terrausd/,https://coinmarketcap.com/currencies/terrausd/historical-data
169,170,Kadena,KDA,122625935.14,0.5041,12043500.87,https://coinmarketcap.com/currencies/kadena/,https://coinmarketcap.com/currencies/kadena/historical-data
170,171,UniBot,UNIBOT,119139451.35,119.14,13371929.55,https://coinmarketcap.com/currencies/unibot-eth/,https://coinmarketcap.com/currencies/unibot-eth/historical-data
171,172,BORA,BORA,116876111.22,0.1176,1078056.71,https://coinmarketcap.com/currencies/bora/,https://coinmarketcap.com/currencies/bora/historical-data
172,173,Nervos Network,CKB,114178600.51,0.002721,1195930.34,https://coinmarketcap.com/currencies/nervos-network/,https://coinmarketcap.com/currencies/nervos-network/historical-data
173,174,DigiByte,DGB,112051075.54,0.006809,2133416.2,https://coinmarketcap.com/currencies/digibyte/,https://coinmarketcap.com/currencies/digibyte/historical-data
174,175,Stargate Finance,STG,111284549.85,0.5446,9372284.74,https://coinmarketcap.com/currencies/stargate-finance/,https://coinmarketcap.com/currencies/stargate-finance/historical-data
175,176,DAO Maker,DAO,109097574.63,0.7579,2050386.87,https://coinmarketcap.com/currencies/dao-maker/,https://coinmarketcap.com/currencies/dao-maker/historical-data
176,177,MobileCoin,MOB,106878901.86,0.5473,855033.54,https://coinmarketcap.com/currencies/mobilecoin/,https://coinmarketcap.com/currencies/mobilecoin/historical-data
177,178,Ribbon Finance,RBN,104229874.78,0.1941,435345.29,https://coinmarketcap.com/currencies/ribbon-finance/,https://coinmarketcap.com/currencies/ribbon-finance/historical-data
178,179,Core,CORE,103622716.9,0.6673,4883820.52,https://coinmarketcap.com/currencies/core-dao/,https://coinmarketcap.com/currencies/core-dao/historical-data
179,180,SKALE,SKL,103487619.04,0.02214,5535973.77,https://coinmarketcap.com/currencies/skale-network/,https://coinmarketcap.com/currencies/skale-network/historical-data
180,181,Flux,FLUX,102255066.05,0.3227,12542901.39,https://coinmarketcap.com/currencies/zel/,https://coinmarketcap.com/currencies/zel/historical-data
181,182,UMA,UMA,100999215.75,1.373,4397352.64,https://coinmarketcap.com/currencies/uma/,https://coinmarketcap.com/currencies/uma/historical-data
182,183,Horizen,ZEN,100103068.04,7.124,4518427.98,https://coinmarketcap.com/currencies/horizen/,https://coinmarketcap.com/currencies/horizen/historical-data
183,184,Galxe,GAL,97438508.25,1.1478,11389253.2,https://coinmarketcap.com/currencies/galxe/,https://coinmarketcap.com/currencies/galxe/historical-data
184,185,Reserve Rights,RSR,96087678.25,0.001899,2934968.45,https://coinmarketcap.com/currencies/reserve-rights/,https://coinmarketcap.com/currencies/reserve-rights/historical-data
185,186,TomoChain,TOMO,98470191.43,1.0169,52610535.22,https://coinmarketcap.com/currencies/tomochain/,https://coinmarketcap.com/currencies/tomochain/historical-data
186,187,Everscale,EVER,94519051.53,0.05244,2537487.22,https://coinmarketcap.com/currencies/everscale/,https://coinmarketcap.com/currencies/everscale/historical-data
187,188,STP,STPT,87870432.95,0.04524,4474869.51,https://coinmarketcap.com/currencies/standard-tokenization-protocol/,https://coinmarketcap.com/currencies/standard-tokenization-protocol/historical-data
188,189,Lisk,LSK,92740883.38,0.7195,1294868.67,https://coinmarketcap.com/currencies/lisk/,https://coinmarketcap.com/currencies/lisk/historical-data
189,190,Nano,XNO,92571025.39,0.6947,25218288.55,https://coinmarketcap.com/currencies/nano/,https://coinmarketcap.com/currencies/nano/historical-data
190,191,Storj,STORJ,92287703.18,0.2391,5077816.49,https://coinmarketcap.com/currencies/storj/,https://coinmarketcap.com/currencies/storj/historical-data
191,192,Alchemy Pay,ACH,91712920.91,0.01379,4724978.35,https://coinmarketcap.com/currencies/alchemy-pay/,https://coinmarketcap.com/currencies/alchemy-pay/historical-data
192,193,Kyber Network Crystal v2,KNC,91355332.57,0.5359,11055350.26,https://coinmarketcap.com/currencies/kyber-network-crystal-v2/,https://coinmarketcap.com/currencies/kyber-network-crystal-v2/historical-data
193,194,Cartesi,CTSI,90971104.84,0.1225,2935206.2,https://coinmarketcap.com/currencies/cartesi/,https://coinmarketcap.com/currencies/cartesi/historical-data
194,195,Celer Network,CELR,89407039.42,0.01155,2096473.84,https://coinmarketcap.com/currencies/celer-network/,https://coinmarketcap.com/currencies/celer-network/historical-data
195,196,PlayDapp,PLA,86940366.42,0.1552,5954212.5,https://coinmarketcap.com/currencies/playdapp/,https://coinmarketcap.com/currencies/playdapp/historical-data
196,197,Pundi X (New),PUNDIX,86996042.68,0.3366,1388172.99,https://coinmarketcap.com/currencies/pundix-new/,https://coinmarketcap.com/currencies/pundix-new/historical-data
197,198,Vulcan Forged PYR,PYR,86861435.87,3.1955,2124704.13,https://coinmarketcap.com/currencies/vulcan-forged-pyr/,https://coinmarketcap.com/currencies/vulcan-forged-pyr/historical-data
198,199,Status,SNT,83853059.08,0.02173,1634389.39,https://coinmarketcap.com/currencies/status/,https://coinmarketcap.com/currencies/status/historical-data
199,200,Amp,AMP,82508280.5,0.001954,3079303.02,https://coinmarketcap.com/currencies/amp/,https://coinmarketcap.com/currencies/amp/historical-data
